title,url,thumbnail_url,channel,description
Redneck vs Fancy Whiskey Glass,https://www.youtube.com/watch?v=2jfbXZiE6Lc,https://i.ytimg.com/vi/2jfbXZiE6Lc/hqdefault.jpg?sqp=-oaymwEcCPYBEIoBSFXyq4qpAw4IARUAAIhCGAFwAcABBg==&rs=AOn4CLA7SJIX7Y0LFpd5Ya6QC2EwRGkMZw,Drew Talbert,I‚Äôm just shocked Brad was able to sell him in that $20 hooch Co-write w/ Andrea Kelley
World‚Äôs Sharpest Knife!,https://www.youtube.com/watch?v=ySXPnjStay4,https://i.ytimg.com/vi/ySXPnjStay4/hqdefault.jpg?sqp=-oaymwEcCPYBEIoBSFXyq4qpAw4IARUAAIhCGAFwAcABBg==&rs=AOn4CLB2KGtDwtWnTDxGlDpjzSpTPlHN5Q,Beast Reacts,Chris and I react to the greatest item hacks in the world! CHECK OUT THESE CHANNELS OR ELSE Experimental Fun https://www.youtube.com/watch?v=5ZchgU9KLOc Louis Weisz https://www.youtube.com/watc...
Imagine vaping ü§° üòÇ,https://www.youtube.com/watch?v=5Gfea7nHKO0,https://i.ytimg.com/vi/5Gfea7nHKO0/hqdefault.jpg?sqp=-oaymwEcCPYBEIoBSFXyq4qpAw4IARUAAIhCGAFwAcABBg==&rs=AOn4CLA9dsT3RLhkCaOrA-PlqInL3cddjQ,ecomedyethann,#explore #viral #tiktok
dhruv - double take (Official Video),https://www.youtube.com/watch?v=R8FHtIhWqNo,https://i.ytimg.com/vi/R8FHtIhWqNo/hqdefault.jpg?sqp=-oaymwEcCPYBEIoBSFXyq4qpAw4IARUAAIhCGAFwAcABBg==&rs=AOn4CLDZPyVwRPrgjVk5OkbFUBJ2ZaD0og,dhruv,Follow dhruv: Instagram: https://www.instagram.com/dhrvie/ Facebook: https://www.facebook.com/dhrvie/ Twitter: https://twitter.com/dhrvie Directed by: Aboveground Produced by: Samuel Taylor...
Elementzz builds Iron Man in Minecraft?,https://www.youtube.com/watch?v=6_zAmS-920I,,KJModsMinecraft,#shorts #minecraft #meme Elementzz builds Iron Man in Minecraft? @Elementzz has a pixel art build battle with me but builds a man ironing instead of iron man! He's such a funny goofy idiot!
FIGHT HIGHLIGHTS | Te√≥fimo L√≥pez vs. George Kambosos Jr.,https://www.youtube.com/watch?v=0avqY81npVU,,DAZN Boxing,"Highlights of Te√≥fimo L√≥pez vs. George Kambosos Jr. from the Hulu Theater at Madison Square Garden in New York City, New York. Subscribe to our YouTube channel üëâ http://bit.ly/DAZNBoxingYouT..."
Shaquille O'Neal Goes Sneaker Shopping With Complex,https://www.youtube.com/watch?v=VfOtgxp4Fng,,Complex,"Shaquille O‚ÄôNeal goes Sneaker Shopping with Complex‚Äôs Joe La Puma at A Ma Maniere in Atlanta and talks about signing to Reebok, starting his own sneaker brand, and the problems he‚Äôs dealt..."
LEO MESSI WINS 7TH BALLON D'OR (BALLON D'OR 2021) 7Ô∏è‚É£ üèÜ,https://www.youtube.com/watch?v=ETHUhf058N8,,FC Barcelona,"Leo Messi has won yet another Ballon d‚ÄôOr. After a year in which France Football did not name a winner due to Covid-19, the Argentinian has been revealed as the world player of the year for..."
Why I Left Twitch.,https://www.youtube.com/watch?v=j4C7ugBXUkY,,Mogul Mail,WATCH ME LIVE ‚ñ∫ ON YOUTUBE WOW LOL THATS WEIRD TO SAY follow me on twitter ‚ñ∫ https://www.twitter.com/ludwigahgren follow me on tiktok ‚ñ∫ https://www.tiktok.com/@ludwigahgren follow me...
Nardo Wick - Me or Sum (feat. Future & Lil Baby) [Official Audio],https://www.youtube.com/watch?v=olKxFg0j-Ow,,Nardo Wick,Nardo Wick - Me or Sum (feat. Future & Lil Baby) [Official Audio] Stream/Download: https://NardoWick.lnk.to/MeOrSumID Who Is Nardo Wick - Out 12.3: http://whoisnardowick.com Subscribe: https://N...
